"","Reliability","SAMPLING_METHOD_DESC","Point","Point_Distance","Line","Line_Distance","forest","named_natural_region","postcode","public_land","vicgov_region","75m_dem_streams_burned_sept2012.tif","Anisotrophic_Heating_Ruggedbess.tif","ecoregion1750.tif","ecoregion2014.tif","ibra_hex.tif","land_cov_use3.tif","log_vertical_distance_saline_wetlands_sept2012.tif","ProtectionIndex.tif","Radiometrics_2014_k.tif","Radiometrics_2014_th.tif","sept2014JanMaxTemp.tif","sept2014JanRainfall.tif","sept2014JulMinTemp.tif","sept2014JulRainfall.tif","vegtpye3_4.tif","wetness_index_saga_sept2012.tif","log","lan"
"1","high reliability","Bird transect","place",14300.75718,"road",0.013815659,"N","N","Y","N","N",65.5999984741211,0.0015999999595806,29,11,42,18,1.51530003547669,0.00510000018402934,0.678628921508789,5.1225643157959,347.025299072266,-14.0253000259399,69.0252990722656,-4.02530002593994,4,16.6695003509521,141.40982,-34.38819
"2","high reliability","Bird transect","place",14300.75718,"road",0.013815659,"N","N","Y","N","N",65.5999984741211,0.0015999999595806,29,11,42,18,1.51530003547669,0.00510000018402934,0.678628921508789,5.1225643157959,347.025299072266,-14.0253000259399,69.0252990722656,-4.02530002593994,4,16.6695003509521,141.40982,-34.38819
"3","high reliability","Bird transect","place",14300.75718,"road",0.013815659,"N","N","Y","N","N",65.5999984741211,0.0015999999595806,29,11,42,18,1.51530003547669,0.00510000018402934,0.678628921508789,5.1225643157959,347.025299072266,-14.0253000259399,69.0252990722656,-4.02530002593994,4,16.6695003509521,141.40982,-34.38819
"4","high reliability","Incidental","place",15086.63619,"road",0.011746946,"Y","N","Y","Y","N",79.1999969482422,-0.00789999961853027,56,46,42,18,1.65929996967316,0.00779999978840351,0.562338471412659,4.76498937606812,344.550506591797,-12.5506000518799,67.1778030395508,-1.55060005187988,4,15.4324998855591,141.43391,-34.41786
"5","high reliability","Incidental","place",16799.83107,"road",0.152429203,"N","N","Y","N","N",50.2000007629395,0.0225000008940697,29,11,42,4,1.16970002651215,0.0059000002220273,0.976381421089172,6.49363422393799,344.637084960937,-11.6371002197266,68.6371002197266,-2.63319993019104,4,15.9464998245239,141.61473,-34.53924
"6","low reliability","Timed bird census","rail_station",7058.868798,"road",0.004372787,"Y","N","Y","Y","Y",332.799987792969,-0.807200014591217,63,65,124,6,2.50950002670288,0.0810000002384186,0.28049573302269,12.9610948562622,268.523101806641,40.3462982177734,66.8302001953125,83.6713027954102,6,10.392499923706,145.59856,-37.90047
"7","high reliability","Incidental","place",4947.558249,"watercourse_stream",0.000603267,"Y","N","Y","Y","N",144.600006103516,-0.8682000041008,53,6,130,106,2.10139989852905,0.120300002396107,0,1.76559710502625,262.75048828125,1.99820005893707,86.2594985961914,43.5401000976563,106,13.7451000213623,144.07786,-38.38399
"8","high reliability","Incidental","place",19280.27603,"watercourse_channel",0.110307799,"Y","Y","Y","Y","N",74,-0.0164000000804663,71,51,48,5,1.27980005741119,0.0059000002220273,0.502703607082367,3.73313164710998,334.500305175781,-8.50030040740967,64.6146011352539,4.38560009002685,5,15.8867998123169,142.00226,-35.46219
"9","high reliability","Incidental","place",19280.27603,"watercourse_channel",0.110307799,"Y","Y","Y","Y","N",74,-0.0164000000804663,71,51,48,5,1.27980005741119,0.0059000002220273,0.502703607082367,3.73313164710998,334.500305175781,-8.50030040740967,64.6146011352539,4.38560009002685,5,15.8867998123169,142.00226,-35.46219
"10","high reliability","Bird transect","place",12573.04606,"road",0.091322031,"N","N","Y","N","N",48,-0.000300000014249235,73,9,42,4,1.10169994831085,0.0129000004380941,0.635875046253204,4.89122676849365,347.376312255859,-14.3762998580933,70.3762969970703,-4.37629985809326,4,17.6466007232666,141.54126,-34.49327
"11","low reliability","Timed bird census","place",6097.53059,"road",0.010265093,"Y","N","Y","Y","Y",348.799987792969,2.33640003204346,40,30,124,6,2.5327000617981,0.0687000006437302,0.252754420042038,11.0209884643555,263.245086669922,43.7197990417481,62.0158004760742,86.4262008666992,6,11.3290996551514,145.66798,-37.9702
"12","high reliability","Trap (unspecified)","place",15111.23465,"road",0.010653407,"Y","N","Y","Y","N",79,-0.00329999998211861,56,46,42,18,1.65750002861023,0.00469999993219972,0.562823116779327,4.99727582931519,345.315887451172,-13.315899848938,68.0134963989258,-2.31590008735657,4,16.1194000244141,141.43333,-34.41667
"13","high reliability","Birds Australia 5km area search","place",622.016119,"road",0.014871025,"N","N","Y","Y","N",145.800003051758,0.00139999995008111,42,50,97,18,1.24590003490448,0.00310000008903444,0.300770938396454,6.67835187911987,322.759704589844,-9.75969982147217,67.6691970825195,22.2402992248535,9,16.2362003326416,141.75774,-36.78462
"14","high reliability","Camera - Surveillance/Remote","place",10813.50289,"road",0.022139405,"N","N","Y","Y","N",74.5999984741211,0.00260000000707805,56,46,42,18,1.63409996032715,0.0118000004440546,0.759231448173523,5.1960244178772,344.845306396484,-12.8425998687744,67.8415985107422,-2.84159994125366,4,15.8036003112793,141.355647,-34.370547
"15","high reliability","Timed bird census","place",14647.63751,"road",0.022056086,"Y","N","Y","Y","N",79.8000030517578,0.00109999999403954,29,11,42,4,1.6628999710083,0.0094999996945262,0.401670932769775,3.42022061347961,346.955902099609,-15.1118001937866,69.7571029663086,-4.18599987030029,4,16.6417007446289,141.44267,-34.42956
"16","high reliability","Incidental","airport",14850.89565,"road",0.000175262,"N","N","Y","Y","N",60.2000007629395,0.00150000001303852,9,8,45,18,1.09640002250671,0.00230000005103648,0.740620911121368,5.17122459411621,347.683013916016,-13.1293001174927,72.1293029785156,-6.12930011749268,4,16.1713008880615,142.68106,-34.75354
"17","high reliability","Incidental","place",15950.80639,"road",0.049454265,"N","N","Y","N","N",87.4000015258789,-0.00920000020414591,71,51,42,18,1.72850000858307,0.0063999998383224,-0.0406152009963989,0.277751177549362,342.898284912109,-11.6428003311157,65.8983001708984,-0.898299992084503,5,16.6742000579834,141.44151,-34.45708
"18","high reliability","Incidental","place",15950.80639,"road",0.049454265,"N","N","Y","N","N",87.4000015258789,-0.00920000020414591,71,51,42,18,1.72850000858307,0.0063999998383224,-0.0406152009963989,0.277751177549362,342.898284912109,-11.6428003311157,65.8983001708984,-0.898299992084503,5,16.6742000579834,141.44151,-34.45708
"19","high reliability","Incidental","mountain",137.9762412,"watercourse_stream",0.003969616,"Y","N","Y","Y","N",648,-3.48539996147156,66,109,75,7,2.79870009422302,0.294900000095367,1.30041003227234,12.7217454910278,286.576202392578,31.3663005828857,43.0269012451172,141.698196411133,7,12.1219997406006,147.138601,-36.89317
"20","high reliability","Timed bird census","place",14367.3831,"road",0.002402658,"Y","N","Y","Y","N",68.1999969482422,-0.0379999987781048,29,11,42,4,1.55250000953674,0.0154999997466803,0.304734289646149,3.76713180541992,346.050689697266,-13.0507001876831,68.0506973266602,-3.05069994926453,4,15.1731004714966,141.38919,-34.39637
"21","high reliability","Timed bird census","place",14367.3831,"road",0.002402658,"Y","N","Y","Y","N",68.1999969482422,-0.0379999987781048,29,11,42,4,1.55250000953674,0.0154999997466803,0.304734289646149,3.76713180541992,346.050689697266,-13.0507001876831,68.0506973266602,-3.05069994926453,4,15.1731004714966,141.38919,-34.39637
"22","high reliability","Bird transect","place",10644.1861,"road",0.00724597,"N","N","Y","Y","N",62.7317008972168,0.00630000000819564,56,46,42,4,1.49839997291565,0.00910000037401915,0.453345060348511,4.32008600234985,345.635192871094,-12.635199546814,67.6352005004883,-2.63520002365112,4,15.9787998199463,141.34057,-34.37021
"23","high reliability","Incidental","place",13358.71157,"road",0.122580464,"N","N","Y","N","N",57.4000015258789,0.00130000000353903,56,46,42,4,1.33019995689392,0.00510000018402934,1.1611340045929,7.80503129959106,344.322814941406,-11.3227996826172,68.3227996826172,-2.32279992103577,4,16.4113006591797,141.62282,-34.50682
"24","high reliability","Incidental","place",13358.71157,"road",0.122580464,"N","N","Y","N","N",57.4000015258789,0.00130000000353903,56,46,42,4,1.33019995689392,0.00510000018402934,1.1611340045929,7.80503129959106,344.322814941406,-11.3227996826172,68.3227996826172,-2.32279992103577,4,16.4113006591797,141.62282,-34.50682
"25","high reliability","Birds Australia 2ha search","place",13850.35149,"road",0.107333416,"Y","N","Y","Y","N",49.5999984741211,-0.00490000005811453,9,8,42,4,1.15299999713898,0.0179999992251396,0.881783545017242,7.22752618789673,347.670593261719,-15.6370000839233,71.6293029785156,-5.63299989700317,4,16.7926998138428,141.55082,-34.50833
"26","low reliability","General observations","place",5209.973042,"road",0.007682803,"Y","N","Y","N","Y",162.199996948242,0.293900012969971,40,30,106,12,2.16330003738403,0.0662999972701073,0.625204205513001,11.9520635604858,292.185791015625,29.7110004425049,78.6169967651367,65.1147003173828,12,13.9990997314453,145.54423,-37.69853
"27","high reliability","Bird transect","place",23779.75037,"road",0.136920202,"N","Y","Y","Y","N",70.4000015258789,0.000199999994947575,71,51,48,5,1.18579995632172,0.00469999993219972,0.503298699855804,3.66272115707397,335.782989501953,-10.7075996398926,65.7829971313477,3.2114999294281,5,16.3729000091553,141.95538,-35.47621
"28","high reliability","Bird transect","place",23779.75037,"road",0.136920202,"N","Y","Y","Y","N",70.4000015258789,0.000199999994947575,71,51,48,5,1.18579995632172,0.00469999993219972,0.503298699855804,3.66272115707397,335.782989501953,-10.7075996398926,65.7829971313477,3.2114999294281,5,16.3729000091553,141.95538,-35.47621
"29","high reliability","Bird transect","place",23779.75037,"road",0.136920202,"N","Y","Y","Y","N",70.4000015258789,0.000199999994947575,71,51,48,5,1.18579995632172,0.00469999993219972,0.503298699855804,3.66272115707397,335.782989501953,-10.7075996398926,65.7829971313477,3.2114999294281,5,16.3729000091553,141.95538,-35.47621
"30","high reliability","Bird transect","place",23779.75037,"road",0.136920202,"N","Y","Y","Y","N",70.4000015258789,0.000199999994947575,71,51,48,5,1.18579995632172,0.00469999993219972,0.503298699855804,3.66272115707397,335.782989501953,-10.7075996398926,65.7829971313477,3.2114999294281,5,16.3729000091553,141.95538,-35.47621
"31","high reliability","Bird transect","place",14489.78405,"road",0.013961693,"N","N","Y","N","N",68.4000015258789,-0.000300000014249235,56,46,42,18,1.54990005493164,0.00230000005103648,0.582641780376434,4.49975490570068,345.869506835938,-12.8695001602173,67.869499206543,-2.86949992179871,4,16.5613994598389,141.41322,-34.3886
"32","high reliability","Incidental","place",31470.8218,"watercourse_channel",0.179068177,"N","Y","Y","Y","N",66.8000030517578,-0.00170000002253801,70,49,48,5,1.12070000171661,0.0137999998405576,0.292365700006485,4.08978176116943,334.388702392578,-8.39029979705811,64.9577026367188,4.61030006408691,5,16.5750999450684,141.89265,-35.44718
"33","high reliability","Trap (unspecified)","place",15111.23465,"road",0.010653407,"Y","N","Y","Y","N",79,-0.00329999998211861,56,46,42,18,1.65750002861023,0.00469999993219972,0.562823116779327,4.99727582931519,345.315887451172,-13.315899848938,68.0134963989258,-2.31590008735657,4,16.1194000244141,141.43333,-34.41667
"34","high reliability","Trap (unspecified)","place",15111.23465,"road",0.010653407,"Y","N","Y","Y","N",79,-0.00329999998211861,56,46,42,18,1.65750002861023,0.00469999993219972,0.562823116779327,4.99727582931519,345.315887451172,-13.315899848938,68.0134963989258,-2.31590008735657,4,16.1194000244141,141.43333,-34.41667
"35","high reliability","Incidental","place",13981.30379,"road",0.002686292,"Y","N","Y","Y","N",71.1999969482422,-0.0253999996930361,71,51,42,18,1.59010004997253,0.00609999988228083,0.732740521430969,4.76882600784302,343.355499267578,-10.8217000961304,65.8217010498047,-0.821699976921082,5,15.7660999298096,141.379447,-34.395321
"36","low reliability","Timed bird census","place",5220.765075,"watercourse_river",0.021958161,"Y","N","Y","Y","Y",126.599998474121,-0.0185000002384186,62,98,124,6,2.07850003242493,0.0272000003606081,0.626928567886353,8.03940105438232,282.075805664062,30.309700012207,71.243896484375,55.6955986022949,6,15.8259000778198,145.66161,-38.008
"37","low reliability","Timed bird census","airport",1302.877901,"watercourse_river",0.002298553,"Y","N","Y","Y","Y",86.1999969482422,-0.119000002741814,40,30,124,16,1.8967000246048,0.0599999986588955,1.38877809047699,7.59512090682983,286.373413085937,28.1765995025635,72.0970001220703,49.0863990783691,6,14.2306003570557,145.73796,-38.00284
"38","low reliability","Timed bird census","airport",1302.877901,"watercourse_river",0.002298553,"Y","N","Y","Y","Y",86.1999969482422,-0.119000002741814,40,30,124,16,1.8967000246048,0.0599999986588955,1.38877809047699,7.59512090682983,286.373413085937,28.1765995025635,72.0970001220703,49.0863990783691,6,14.2306003570557,145.73796,-38.00284
"39","high reliability","General observations","place",5571.664293,"state_border",0.004503741,"N","N","Y","Y","N",53.5999984741211,-0.0264999996870756,9,8,39,104,1.27190005779266,0.0103000001981854,0.936626732349396,6.57371711730957,351.529510498047,-11.1148996353149,71.8995971679688,-6.31169986724854,104,14.9625997543335,142.24261,-34.28337
"40","high reliability","Birds Australia 5km area search","place",11946.7724,"road",0.056958527,"Y","N","Y","Y","N",75.8000030517578,0.0590999983251095,29,11,69,18,1.11549997329712,0.011400000192225,0.836871683597565,4.5996036529541,337.850006103516,-13.4343004226685,68.1255035400391,0.628400027751923,4,15.9890003204346,142.08467,-35.66446
"41","high reliability","Birds Australia 2ha search","place",1720.208635,"road",0.015438138,"N","N","Y","N","N",60.7999992370606,0.00620000017806888,56,46,42,18,1.50049996376038,0.0140000004321337,0.616942048072815,4.67089414596558,346.563903808594,-12.4443998336792,67.5637969970703,-3.44440007209778,4,15.7880001068115,141.34511,-34.26033
"42","low reliability","Timed bird census","place",2456.55731,"road",0.011647895,"Y","N","Y","N","Y",139.800003051758,-0.0428000018000603,21,68,124,16,2.12330007553101,0.0527999997138977,0.871577262878418,6.60346603393555,278.817993164062,34.2778015136719,66.9653015136719,58.785701751709,6,12.0714998245239,145.69319,-38.00817
"43","low reliability","Timed bird census","rail_station",4963.819571,"road",0.000316533,"Y","N","Y","Y","Y",294.600006103516,0.289499998092651,62,98,124,19,2.45549988746643,0.0333000011742115,0.278558939695358,14.0552234649658,276.779113769531,32.9105987548828,74.4881973266602,71.7608032226562,6,11.9314002990723,145.56418,-37.90721
"44","high reliability","Trap (unspecified)","place",15111.23465,"road",0.010653407,"Y","N","Y","Y","N",79,-0.00329999998211861,56,46,42,18,1.65750002861023,0.00469999993219972,0.562823116779327,4.99727582931519,345.315887451172,-13.315899848938,68.0134963989258,-2.31590008735657,4,16.1194000244141,141.43333,-34.41667
"45","high reliability","Trap (unspecified)","place",15111.23465,"road",0.010653407,"Y","N","Y","Y","N",79,-0.00329999998211861,56,46,42,18,1.65750002861023,0.00469999993219972,0.562823116779327,4.99727582931519,345.315887451172,-13.315899848938,68.0134963989258,-2.31590008735657,4,16.1194000244141,141.43333,-34.41667
"46","high reliability","Birds Australia 2ha search","mountain",11060.23066,"road",0.01479257,"Y","N","Y","Y","N",279.399993896484,-0.00730000017210841,64,102,139,106,1.90610003471375,0.0315999984741211,0.347306787967682,9.08041572570801,291.187286376953,1.85450005531311,68.1886978149414,39.0917015075684,106,18.2250003814697,142.34971,-37.49832
"47","high reliability","Birds Australia 5km area search","place",18913.13195,"watercourse_channel",0.097537902,"Y","Y","Y","Y","N",68.8000030517578,-0.00249999994412065,71,51,48,5,1.15760004520416,0.0156999994069338,0.18808151781559,2.75051116943359,334.915496826172,-8.91549968719482,65.9067001342774,4.08449983596802,5,16.9930992126465,141.99661,-35.44406
"48","high reliability","Incidental","place",15061.38361,"road",0.001260936,"Y","N","Y","Y","N",71.2619018554688,0.0240000002086163,73,9,42,4,1.58539998531342,0.0107000004500151,0.504346549510956,4.59144067764282,345.005401611328,-12.9535999298096,67.953498840332,-2.83990001678467,4,15.8397998809815,141.400615,-34.399402
"49","high reliability","Incidental","place",15061.38361,"road",0.001260936,"Y","N","Y","Y","N",71.2619018554688,0.0240000002086163,73,9,42,4,1.58539998531342,0.0107000004500151,0.504346549510956,4.59144067764282,345.005401611328,-12.9535999298096,67.953498840332,-2.83990001678467,4,15.8397998809815,141.400615,-34.399402
"50","high reliability","Incidental","place",13794.66901,"road",0.008707862,"N","N","Y","N","N",67.9822006225586,0.00240000011399388,29,11,42,18,1.55019998550415,0.00350000010803342,0.586637735366821,4.58879041671753,346.556488037109,-13.5567998886108,68.5568008422852,-3.55679988861084,4,16.3365001678467,141.391064,-34.390288
"51","high reliability","Incidental","place",13794.66901,"road",0.008707862,"N","N","Y","N","N",67.9822006225586,0.00240000011399388,29,11,42,18,1.55019998550415,0.00350000010803342,0.586637735366821,4.58879041671753,346.556488037109,-13.5567998886108,68.5568008422852,-3.55679988861084,4,16.3365001678467,141.391064,-34.390288
"52","high reliability","Bird transect","place",15442.6034,"road",0.018311555,"Y","N","Y","Y","N",77.1999969482422,0.00389999989420176,29,11,42,18,1.63989996910095,0.010499999858439,0.66739022731781,5.28760623931885,347.070495605469,-15.0705003738403,70.0705032348633,-4.07049989700317,4,16.1201000213623,141.43176,-34.42418
"53","high reliability","Bird transect","place",15442.6034,"road",0.018311555,"Y","N","Y","Y","N",77.1999969482422,0.00389999989420176,29,11,42,18,1.63989996910095,0.010499999858439,0.66739022731781,5.28760623931885,347.070495605469,-15.0705003738403,70.0705032348633,-4.07049989700317,4,16.1201000213623,141.43176,-34.42418
"54","high reliability","Bird transect","place",15442.6034,"road",0.018311555,"Y","N","Y","Y","N",77.1999969482422,0.00389999989420176,29,11,42,18,1.63989996910095,0.010499999858439,0.66739022731781,5.28760623931885,347.070495605469,-15.0705003738403,70.0705032348633,-4.07049989700317,4,16.1201000213623,141.43176,-34.42418
"55","low reliability","Timed bird census","place",8071.866194,"road",0.015420116,"Y","N","Y","Y","Y",266.399993896484,1.2014000415802,62,98,124,6,2.41260004043579,0.030799999833107,0.899517297744751,13.802453994751,269.931610107422,41.7759017944336,63.3231010437012,77.8026962280273,6,11.1592998504639,145.64241,-37.96797
"56","high reliability","Trap (unspecified)","place",15111.23465,"road",0.010653407,"Y","N","Y","Y","N",79,-0.00329999998211861,56,46,42,18,1.65750002861023,0.00469999993219972,0.562823116779327,4.99727582931519,345.315887451172,-13.315899848938,68.0134963989258,-2.31590008735657,4,16.1194000244141,141.43333,-34.41667
"57","high reliability","Bird transect","place",11011.85077,"road",0.021558005,"N","N","Y","Y","N",77.8000030517578,0.00109999999403954,56,46,42,18,1.66519999504089,0.00899999961256981,0.675190567970276,5.02763843536377,344.659484863281,-12.6595001220703,67.2994003295898,-2.29940009117126,4,15.7174997329712,141.35532,-34.3724
"58","high reliability","Timed bird census","place",14647.63751,"road",0.022056086,"Y","N","Y","Y","N",79.8000030517578,0.00109999999403954,29,11,42,4,1.6628999710083,0.0094999996945262,0.401670932769775,3.42022061347961,346.955902099609,-15.1118001937866,69.7571029663086,-4.18599987030029,4,16.6417007446289,141.44267,-34.42956
"59","high reliability","Bird transect","place",12566.32926,"road",0.017005775,"N","N","Y","N","N",68.5999984741211,0.008500000461936,29,11,42,18,1.56070005893707,0.00749999983236194,0.626079201698303,4.99486637115479,346.333801269531,-13.3523998260498,68.3524017333984,-3.35240006446838,4,16.1963996887207,141.38311,-34.38093
"60","low reliability","Timed bird census","place",8071.866194,"road",0.015420116,"Y","N","Y","Y","Y",266.399993896484,1.2014000415802,62,98,124,6,2.41260004043579,0.030799999833107,0.899517297744751,13.802453994751,269.931610107422,41.7759017944336,63.3231010437012,77.8026962280273,6,11.1592998504639,145.64241,-37.96797
"61","high reliability","Trap (unspecified)","place",15111.23465,"road",0.010653407,"Y","N","Y","Y","N",79,-0.00329999998211861,56,46,42,18,1.65750002861023,0.00469999993219972,0.562823116779327,4.99727582931519,345.315887451172,-13.315899848938,68.0134963989258,-2.31590008735657,4,16.1194000244141,141.43333,-34.41667
"62","high reliability","Birds Australia 5km area search","place",18971.41215,"watercourse_channel",0.098389891,"Y","Y","Y","Y","N",69.1999969482422,0.00350000010803342,71,51,48,5,1.1690000295639,0.0125000001862645,0.19027915596962,2.39350032806396,334.902893066406,-8.90289974212647,65.8452987670898,4.09709978103638,5,16.9766006469727,141.99632,-35.44489
"63","high reliability","Birds Australia 2ha search","place",14393.64257,"road",0.002853288,"N","N","Y","Y","N",78.8357009887695,0.000899999984540045,73,9,42,18,1.6550999879837,0.0044999998062849,0.669396638870239,5.03752183914185,345.714599609375,-13.714599609375,68.714599609375,-2.89759993553162,4,16.1166000366211,141.43971,-34.40972
"64","high reliability","General observations","place",12887.77799,"watercourse_channel",0.007423774,"Y","N","Y","Y","N",67.1999969482422,-0.000899999984540045,56,46,48,4,1.29449999332428,0.00820000004023314,0.0988911762833595,2.36525440216064,339.82861328125,-12.2075004577637,70.3112030029297,-1.09959995746613,4,17.081600189209,142.14979,-35.19501
"65","high reliability","Timed bird census","place",14367.3831,"road",0.002402658,"Y","N","Y","Y","N",68.1999969482422,-0.0379999987781048,29,11,42,4,1.55250000953674,0.0154999997466803,0.304734289646149,3.76713180541992,346.050689697266,-13.0507001876831,68.0506973266602,-3.05069994926453,4,15.1731004714966,141.38919,-34.39637
"66","high reliability","Trap (unspecified)","place",15111.23465,"road",0.010653407,"Y","N","Y","Y","N",79,-0.00329999998211861,56,46,42,18,1.65750002861023,0.00469999993219972,0.562823116779327,4.99727582931519,345.315887451172,-13.315899848938,68.0134963989258,-2.31590008735657,4,16.1194000244141,141.43333,-34.41667
"67","high reliability","Trap (unspecified)","place",15111.23465,"road",0.010653407,"Y","N","Y","Y","N",79,-0.00329999998211861,56,46,42,18,1.65750002861023,0.00469999993219972,0.562823116779327,4.99727582931519,345.315887451172,-13.315899848938,68.0134963989258,-2.31590008735657,4,16.1194000244141,141.43333,-34.41667
"68","high reliability","Trap (unspecified)","place",15111.23465,"road",0.010653407,"Y","N","Y","Y","N",79,-0.00329999998211861,56,46,42,18,1.65750002861023,0.00469999993219972,0.562823116779327,4.99727582931519,345.315887451172,-13.315899848938,68.0134963989258,-2.31590008735657,4,16.1194000244141,141.43333,-34.41667
"69","high reliability","Incidental","place",13938.68164,"road",0.00815245,"Y","N","Y","Y","N",68.9555969238281,0.0102000003680587,29,11,42,18,1.56140005588532,0.00240000011399388,0.56317400932312,4.62932205200195,345.355895996094,-12.506199836731,67.5062026977539,-2.50620007514954,4,15.9589004516602,141.392765,-34.39113
"70","high reliability","Incidental","place",13938.68164,"road",0.00815245,"Y","N","Y","Y","N",68.9555969238281,0.0102000003680587,29,11,42,18,1.56140005588532,0.00240000011399388,0.56317400932312,4.62932205200195,345.355895996094,-12.506199836731,67.5062026977539,-2.50620007514954,4,15.9589004516602,141.392765,-34.39113
"71","high reliability","Incidental","place",13938.68164,"road",0.00815245,"Y","N","Y","Y","N",68.9555969238281,0.0102000003680587,29,11,42,18,1.56140005588532,0.00240000011399388,0.56317400932312,4.62932205200195,345.355895996094,-12.506199836731,67.5062026977539,-2.50620007514954,4,15.9589004516602,141.392765,-34.39113
"72","high reliability","General observations","place",5839.630304,"state_border",0.001727475,"N","N","Y","Y","N",56.5999984741211,-0.00609999988228083,73,9,39,4,1.33500003814697,0.00490000005811453,0.802163898944855,5.58119535446167,350.918487548828,-10.9184999465942,70.9185028076172,-5.91849994659424,4,15.8915004730225,142.24364,-34.27975
"73","high reliability","Timed bird census","place",14367.3831,"road",0.002402658,"Y","N","Y","Y","N",68.1999969482422,-0.0379999987781048,29,11,42,4,1.55250000953674,0.0154999997466803,0.304734289646149,3.76713180541992,346.050689697266,-13.0507001876831,68.0506973266602,-3.05069994926453,4,15.1731004714966,141.38919,-34.39637
"74","high reliability","Timed bird census","place",15550.14487,"road",0.002621382,"Y","N","Y","Y","N",72.8000030517578,0.0463000014424324,73,9,42,18,1.59990000724793,0.0116999996826053,0.558694660663605,4.67377376556397,344.916595458984,-12.916600227356,67.9166030883789,-2.88019990921021,4,15.4303998947144,141.41205,-34.3999
"75","high reliability","Trap (unspecified)","place",15111.23465,"road",0.010653407,"Y","N","Y","Y","N",79,-0.00329999998211861,56,46,42,18,1.65750002861023,0.00469999993219972,0.562823116779327,4.99727582931519,345.315887451172,-13.315899848938,68.0134963989258,-2.31590008735657,4,16.1194000244141,141.43333,-34.41667
"76","high reliability","Camera - Surveillance/Remote","place",14576.18419,"road",0.004607901,"Y","N","Y","Y","N",70.8000030517578,-0.000600000028498471,56,46,42,18,1.58120000362396,0.00279999990016222,0.538893699645996,4.05991840362549,344.525390625,-11.7208003997803,66.7208023071289,-1.72080004215241,4,16.4528007507324,141.397975,-34.395577
"77","high reliability","Incidental","rail_station",14646.41322,"watercourse_channel",0.010232412,"N","N","Y","N","N",60.7999992370606,0.0015999999595806,71,51,37,5,1.19110000133514,0.0082999998703599,0.15746083855629,1.98678064346314,339.369995117187,-11.3699998855591,70.370002746582,-0.370000004768372,5,16.093599319458,142.18196,-35.1406
"78","high reliability","General observations","airport",2368.502654,"road",0.000837603,"Y","N","Y","Y","N",109.199996948242,-0.0208000000566244,56,46,69,18,1.76559996604919,0.00389999989420176,0.184809401631355,2.85012412071228,335.187591552734,-10.1876001358032,66.1875991821289,2.81240010261536,4,15.6003999710083,142.19597,-35.34784
"79","high reliability","Timed bird census","place",14367.3831,"road",0.002402658,"Y","N","Y","Y","N",68.1999969482422,-0.0379999987781048,29,11,42,4,1.55250000953674,0.0154999997466803,0.304734289646149,3.76713180541992,346.050689697266,-13.0507001876831,68.0506973266602,-3.05069994926453,4,15.1731004714966,141.38919,-34.39637
"80","high reliability","Birds Australia 500m area search","place",714.4761927,"road",0.000174454,"Y","N","Y","Y","N",68.4000015258789,-0.00689999992027879,71,51,37,18,1.28460001945496,0.0059000002220273,0.576407372951508,5.37905979156494,337.821105957031,-10.0031003952026,68.0854034423828,0.997300028800964,5,16.065299987793,142.0316,-35.14288
"81","high reliability","Trap (unspecified)","place",15111.23465,"road",0.010653407,"Y","N","Y","Y","N",79,-0.00329999998211861,56,46,42,18,1.65750002861023,0.00469999993219972,0.562823116779327,4.99727582931519,345.315887451172,-13.315899848938,68.0134963989258,-2.31590008735657,4,16.1194000244141,141.43333,-34.41667
"82","high reliability","Trap (unspecified)","place",15111.23465,"road",0.010653407,"Y","N","Y","Y","N",79,-0.00329999998211861,56,46,42,18,1.65750002861023,0.00469999993219972,0.562823116779327,4.99727582931519,345.315887451172,-13.315899848938,68.0134963989258,-2.31590008735657,4,16.1194000244141,141.43333,-34.41667
"83","high reliability","Birds Australia 2ha search","place",15335.67391,"road",0.020735707,"Y","N","Y","Y","N",78.4000015258789,0.0137999998405576,29,11,42,18,1.65120005607605,0.00960000045597553,0.757199883460999,5.98470973968506,345.926391601562,-13.9264001846314,68.9119033813477,-2.92639994621277,4,15.9083995819092,141.43388,-34.42694
"84","high reliability","Incidental","place",24036.29887,"watercourse_channel",0.136247219,"N","Y","Y","Y","N",68,0.000899999984540045,71,51,48,5,1.15629994869232,0.00510000018402934,0.436979591846466,4.06535243988037,336.074096679687,-9.35919952392578,66.3591995239258,3.64079999923706,5,15.8261995315552,141.93282,-35.43131
"85","high reliability","Incidental","airport",2787.167244,"road",0.002013943,"Y","N","Y","Y","N",107.800003051758,0.014299999922514,71,51,69,18,1.75590002536774,0.00249999994412065,0.160778224468231,2.90782976150513,334.229705810547,-9.22970008850098,65.2296981811523,3.77029991149902,5,15.6272001266479,142.19521,-35.34402
"86","high reliability","Incidental","place",14082.90901,"watercourse_channel",0.015982057,"Y","N","Y","Y","N",53.4000015258789,0.00380000006407499,56,46,48,4,0.863399982452393,0.00630000000819564,0.152164995670319,2.18362140655518,340.493408203125,-12.4933996200562,71.4934005737305,-1.49339997768402,4,16.5748996734619,142.1769,-35.16745
"87","high reliability","General observations","place",13588.33758,"road",0.097666714,"Y","N","Y","Y","N",60.2000007629395,-0.0113000003620982,71,51,42,5,1.39740002155304,0.00620000017806888,0.935514330863953,7.88349437713623,342.577392578125,-10.5747995376587,66.1710968017578,-0.419699996709824,5,16.4242000579834,141.53346,-34.50044
"88","high reliability","Incidental","place",15505.83239,"road",0.003686024,"Y","N","Y","Y","N",72.818603515625,0.0263999998569488,29,11,42,18,1.59990000724793,0.00749999983236194,0.623632490634918,4.6285548210144,344.871185302734,-12.8478002548218,67.8478012084961,-2.73189997673035,4,15.582799911499,141.41314,-34.399
"89","high reliability","Birds Australia 500m area search","place",30280.40108,"watercourse_channel",0.154770672,"N","Y","Y","Y","N",71,0.0167999994009733,71,51,48,5,1.24469995498657,0,0.402780711650848,3.9833071231842,334.496490478516,-8.49639987945557,65.3625030517578,4.50360012054443,5,15.7954998016357,141.91189,-35.43147
"90","high reliability","Trap (unspecified)","place",15111.23465,"road",0.010653407,"Y","N","Y","Y","N",79,-0.00329999998211861,56,46,42,18,1.65750002861023,0.00469999993219972,0.562823116779327,4.99727582931519,345.315887451172,-13.315899848938,68.0134963989258,-2.31590008735657,4,16.1194000244141,141.43333,-34.41667
"91","high reliability","General observations","place",20453.5378,"watercourse_channel",0.083558478,"Y","Y","Y","Y","N",65.1999969482422,0.00700000021606684,56,46,69,18,1.11160004138947,0.0157999992370606,0.332151085138321,4.53453159332275,337.009399414063,-10.0094003677368,67.0093994140625,1.99059998989105,4,15.6361999511719,141.96719,-35.35801
"92","high reliability","Birds Australia 500m area search","place",13552.72059,"road",0.108095035,"Y","N","Y","Y","N",51,0.0063999998383224,56,46,42,4,1.19130003452301,0.00879999995231628,1.47661316394806,9.65464782714844,344.674285888672,-12.673999786377,68.6740036010742,-2.67400002479553,4,16.2266006469727,141.55965,-34.50753
"93","high reliability","Birds Australia 2ha search","airport",5986.834506,"road",0.006162958,"Y","N","Y","Y","N",54.5116004943848,-0.0052000000141561,72,88,37,5,1.21029996871948,0.00240000011399388,0.814572215080261,6.94624900817871,342.238708496094,-8.2386999130249,68.2387008666992,-0.238700002431869,5,15.9387998580933,142.27264,-34.68794
"94","high reliability","Incidental","place",13453.69102,"road",0.007235542,"N","N","Y","N","N",79.5999984741211,0.00329999998211861,73,9,42,18,1.65980005264282,0.00279999990016222,0.538940191268921,4.04086351394653,346.3291015625,-13.8963003158569,69.3291015625,-3.32909989356995,4,16.4115009307861,141.45156,-34.41582
"95","high reliability","Bird transect","place",13693.17183,"road",0.106480227,"Y","N","Y","Y","N",53.7999992370605,-0.0015999999595806,73,9,42,4,1.26489996910095,0.00789999961853027,1.19779968261719,8.1850700378418,345.309112548828,-13.1342000961304,69.1342010498047,-3.13420009613037,4,15.8963003158569,141.5524,-34.50724
"96","high reliability","Birds Australia 500m area search","place",1808.607892,"railway",0.013751119,"Y","N","Y","Y","N",59.2178001403809,0.0110999997705221,71,51,56,5,0.898699998855591,0.0115999998524785,0.325863987207413,1.7467360496521,334.736511230469,-12.5712995529175,64.5274963378906,3.26349997520447,5,16.2952003479004,141.19055,-35.24889
"97","high reliability","Incidental","place",14430.56477,"road",0.009495918,"N","N","Y","Y","N",75,-0.00209999992512166,9,8,42,18,1.61600005626678,0.008500000461936,0.539299786090851,4.77530002593994,347.572204589844,-15.5721998214722,70.5721969604492,-4.57219982147217,4,16.1954002380371,141.440884,-34.416605
"98","high reliability","Incidental","place",14036.61818,"road",0.009768486,"Y","N","Y","N","N",64.8000030517578,0.00740000000223517,29,11,42,18,1.50750005245209,0.00559999980032444,0.623097240924835,4.3705039024353,348.17529296875,-15.1752996444702,70.1753005981445,-5.17530012130737,4,16.156099319458,141.397863,-34.390329
"99","high reliability","Bird transect","place",13862.89213,"road",0.012024063,"N","N","Y","N","N",61.7999992370605,0.00240000011399388,29,11,42,18,1.4650000333786,0.00760000012814999,0.54465240240097,4.28397130966187,348.398284912109,-15.3983001708984,70.3983001708984,-5.39830017089844,4,16.6172008514404,141.39894,-34.38822
"100","high reliability","Bird transect","place",13862.89213,"road",0.012024063,"N","N","Y","N","N",61.7999992370605,0.00240000011399388,29,11,42,18,1.4650000333786,0.00760000012814999,0.54465240240097,4.28397130966187,348.398284912109,-15.3983001708984,70.3983001708984,-5.39830017089844,4,16.6172008514404,141.39894,-34.38822
"101","high reliability","Bird transect","place",13862.89213,"road",0.012024063,"N","N","Y","N","N",61.7999992370605,0.00240000011399388,29,11,42,18,1.4650000333786,0.00760000012814999,0.54465240240097,4.28397130966187,348.398284912109,-15.3983001708984,70.3983001708984,-5.39830017089844,4,16.6172008514404,141.39894,-34.38822
"102","high reliability","Bird transect","place",13862.89213,"road",0.012024063,"N","N","Y","N","N",61.7999992370605,0.00240000011399388,29,11,42,18,1.4650000333786,0.00760000012814999,0.54465240240097,4.28397130966187,348.398284912109,-15.3983001708984,70.3983001708984,-5.39830017089844,4,16.6172008514404,141.39894,-34.38822
"103","high reliability","Birds Australia 2ha search","place",15154.85854,"road",0.003495269,"Y","N","Y","Y","N",71.0954971313477,-0.0138999996706843,56,46,42,18,1.58229994773865,0.0102000003680587,0.468101799488068,3.77229762077331,344.664886474609,-12.5812997817993,67.581298828125,-2.53670001029968,4,15.7255001068115,141.4066,-34.39812
"104","low reliability","Timed bird census","mountain",2888.724263,"road",0.000102511,"Y","N","Y","Y","Y",71.8000030517578,-0.0152000002563,17,92,118,16,1.80239999294281,0.00930000003427267,0.238900393247604,7.03693914413452,311.337097167969,6.66160011291504,92.3384017944336,25.0417995452881,103,16.1802005767822,145.78257,-37.97155
"105","low reliability","General observations","place",5220.765075,"watercourse_river",0.021958161,"Y","N","Y","Y","Y",126.599998474121,-0.0185000002384186,62,98,124,6,2.07850003242493,0.0272000003606081,0.626928567886353,8.03940105438232,282.075805664062,30.309700012207,71.243896484375,55.6955986022949,6,15.8259000778198,145.66161,-38.008
"106","high reliability","Trap (unspecified)","place",15111.23465,"road",0.010653407,"Y","N","Y","Y","N",79,-0.00329999998211861,56,46,42,18,1.65750002861023,0.00469999993219972,0.562823116779327,4.99727582931519,345.315887451172,-13.315899848938,68.0134963989258,-2.31590008735657,4,16.1194000244141,141.43333,-34.41667
"107","high reliability","Incidental","place",16495.88453,"road",0.009481505,"Y","N","Y","Y","N",80,-0.0650999993085861,73,9,42,4,1.67219996452332,0.00989999994635582,0.572469353675842,5.08091974258423,344.296508789062,-12.2965002059937,67.214599609375,-1.36749994754791,4,15.5410003662109,141.406744,-34.411294
"108","high reliability","General observations","place",24974.90562,"watercourse_channel",0.112987882,"N","Y","Y","Y","N",74.9246978759766,0.0137000000104308,71,51,48,18,1.35710000991821,0.00499999988824129,0.496277421712875,3.73713326454163,334.037414550781,-7.93860006332397,64.8669967651367,4.78830003738403,5,15.686900138855,141.92119,-35.3773
"109","high reliability","General observations","place",6431.613891,"state_border",0.003802821,"Y","N","Y","Y","N",60.2000007629395,-9.99999974737875e-05,29,11,39,4,1.40320003032684,0.00249999994412065,0.83832710981369,7.08411264419556,351.232391357422,-10.5006999969482,71.2323989868164,-6.23239994049072,4,16.4939002990723,142.2435,-34.26983
"110","low reliability","Timed bird census","rail_station",8193.643776,"road",0.000759927,"Y","N","Y","Y","Y",93.4000015258789,0.0857999995350838,62,98,124,19,1.93809998035431,0.0452999994158745,0.356108367443085,15.2700414657593,286.582000732422,25.4179992675781,75.4161987304687,49.3116989135742,106,15.0937995910645,145.61644,-38.00069
"111","high reliability","Bird transect","place",14242.08988,"road",0.007788115,"N","N","Y","Y","N",77.4000015258789,0.0019000000320375,29,11,42,18,1.64030003547669,0.00300000002607703,0.611396133899689,4.53076457977295,346.121612548828,-14.121600151062,69.1215972900391,-3.12159991264343,4,16.1082992553711,141.4426,-34.41513
"112","high reliability","General observations","place",11599.69756,"state_border",0.001976849,"Y","N","Y","Y","N",46,0.00260000000707805,73,9,37,18,1.09449994564056,0.00939999986439943,0.639898777008057,5.71546602249146,351.486785888672,-13.5349998474121,70.5350036621094,-6.53499984741211,4,16.8012008666992,141.59867,-34.17367
"113","high reliability","Birds Australia 500m area search","place",30280.40108,"watercourse_channel",0.154770672,"N","Y","Y","Y","N",71,0.0167999994009733,71,51,48,5,1.24469995498657,0,0.402780711650848,3.9833071231842,334.496490478516,-8.49639987945557,65.3625030517578,4.50360012054443,5,15.7954998016357,141.91189,-35.43147
"114","high reliability","Bird transect","place",12519.42176,"road",0.101180869,"N","N","Y","Y","N",51.4124984741211,0.00810000021010637,29,11,42,4,1.19930005073547,0.000500000023748726,1.27488315105438,8.87985706329346,345.992889404297,-13.0364999771118,69.0364990234375,-3.03649997711182,4,16.5832996368408,141.56521,-34.49903
"115","low reliability","Timed bird census","place",6097.53059,"road",0.010265093,"Y","N","Y","Y","Y",348.799987792969,2.33640003204346,40,30,124,6,2.5327000617981,0.0687000006437302,0.252754420042038,11.0209884643555,263.245086669922,43.7197990417481,62.0158004760742,86.4262008666992,6,11.3290996551514,145.66798,-37.9702
"116","high reliability","General observations","place",15224.29054,"road",0.009403635,"Y","N","Y","Y","N",80.5149002075195,-0.0270000007003546,56,46,42,18,1.67209994792938,0.00499999988824129,0.564101874828339,4.79851961135864,344.05810546875,-12.0579996109009,66.6501998901367,-1.05799996852875,4,15.4783000946045,141.43171,-34.41517
"117","high reliability","General observations","place",15224.29054,"road",0.009403635,"Y","N","Y","Y","N",80.5149002075195,-0.0270000007003546,56,46,42,18,1.67209994792938,0.00499999988824129,0.564101874828339,4.79851961135864,344.05810546875,-12.0579996109009,66.6501998901367,-1.05799996852875,4,15.4783000946045,141.43171,-34.41517
"118","high reliability","General observations","place",15224.29054,"road",0.009403635,"Y","N","Y","Y","N",80.5149002075195,-0.0270000007003546,56,46,42,18,1.67209994792938,0.00499999988824129,0.564101874828339,4.79851961135864,344.05810546875,-12.0579996109009,66.6501998901367,-1.05799996852875,4,15.4783000946045,141.43171,-34.41517
"119","high reliability","General observations","place",15224.29054,"road",0.009403635,"Y","N","Y","Y","N",80.5149002075195,-0.0270000007003546,56,46,42,18,1.67209994792938,0.00499999988824129,0.564101874828339,4.79851961135864,344.05810546875,-12.0579996109009,66.6501998901367,-1.05799996852875,4,15.4783000946045,141.43171,-34.41517
"120","high reliability","General observations","place",15224.29054,"road",0.009403635,"Y","N","Y","Y","N",80.5149002075195,-0.0270000007003546,56,46,42,18,1.67209994792938,0.00499999988824129,0.564101874828339,4.79851961135864,344.05810546875,-12.0579996109009,66.6501998901367,-1.05799996852875,4,15.4783000946045,141.43171,-34.41517
"121","high reliability","General observations","place",15224.29054,"road",0.009403635,"Y","N","Y","Y","N",80.5149002075195,-0.0270000007003546,56,46,42,18,1.67209994792938,0.00499999988824129,0.564101874828339,4.79851961135864,344.05810546875,-12.0579996109009,66.6501998901367,-1.05799996852875,4,15.4783000946045,141.43171,-34.41517
"122","high reliability","General observations","place",15224.29054,"road",0.009403635,"Y","N","Y","Y","N",80.5149002075195,-0.0270000007003546,56,46,42,18,1.67209994792938,0.00499999988824129,0.564101874828339,4.79851961135864,344.05810546875,-12.0579996109009,66.6501998901367,-1.05799996852875,4,15.4783000946045,141.43171,-34.41517
"123","high reliability","General observations","place",15224.29054,"road",0.009403635,"Y","N","Y","Y","N",80.5149002075195,-0.0270000007003546,56,46,42,18,1.67209994792938,0.00499999988824129,0.564101874828339,4.79851961135864,344.05810546875,-12.0579996109009,66.6501998901367,-1.05799996852875,4,15.4783000946045,141.43171,-34.41517
"124","high reliability","General observations","place",15224.29054,"road",0.009403635,"Y","N","Y","Y","N",80.5149002075195,-0.0270000007003546,56,46,42,18,1.67209994792938,0.00499999988824129,0.564101874828339,4.79851961135864,344.05810546875,-12.0579996109009,66.6501998901367,-1.05799996852875,4,15.4783000946045,141.43171,-34.41517
"125","high reliability","General observations","place",15224.29054,"road",0.009403635,"Y","N","Y","Y","N",80.5149002075195,-0.0270000007003546,56,46,42,18,1.67209994792938,0.00499999988824129,0.564101874828339,4.79851961135864,344.05810546875,-12.0579996109009,66.6501998901367,-1.05799996852875,4,15.4783000946045,141.43171,-34.41517
"126","high reliability","General observations","place",15224.29054,"road",0.009403635,"Y","N","Y","Y","N",80.5149002075195,-0.0270000007003546,56,46,42,18,1.67209994792938,0.00499999988824129,0.564101874828339,4.79851961135864,344.05810546875,-12.0579996109009,66.6501998901367,-1.05799996852875,4,15.4783000946045,141.43171,-34.41517
"127","high reliability","General observations","place",15224.29054,"road",0.009403635,"Y","N","Y","Y","N",80.5149002075195,-0.0270000007003546,56,46,42,18,1.67209994792938,0.00499999988824129,0.564101874828339,4.79851961135864,344.05810546875,-12.0579996109009,66.6501998901367,-1.05799996852875,4,15.4783000946045,141.43171,-34.41517
"128","high reliability","Timed bird census","place",15086.63619,"road",0.011746946,"Y","N","Y","Y","N",79.1999969482422,-0.00789999961853027,56,46,42,18,1.65929996967316,0.00779999978840351,0.562338471412659,4.76498937606812,344.550506591797,-12.5506000518799,67.1778030395508,-1.55060005187988,4,15.4324998855591,141.43391,-34.41786
"129","high reliability","Incidental","place",18705.35783,"road",0.141164924,"N","N","Y","Y","N",69.5999984741211,-0.0333999991416931,56,46,42,4,1.53970003128052,0.0131999999284744,1.42398190498352,16.0173721313477,343.779693603516,-11.8179998397827,67.7797012329102,-1.77970004081726,4,16.0401992797852,141.51941,-34.54559
"130","high reliability","Incidental","place",12442.46128,"road",0.091718181,"N","N","Y","N","N",49.1347999572754,0.00540000014007092,73,9,42,4,1.13779997825623,0.008500000461936,0.512223720550537,3.85956597328186,347.247589111328,-14.2481002807617,70.2481002807617,-4.24809980392456,4,17.2565002441406,141.54508,-34.49328
"131","high reliability","Camera - Surveillance/Remote","place",16465.56934,"road",0.009162242,"Y","N","Y","Y","N",81.5999984741211,-0.0584999993443489,73,9,42,18,1.68680000305176,0.0109000001102686,0.578236997127533,5.00242757797241,343.959686279297,-11.9597997665405,66.6834030151367,-0.965900003910065,4,15.4860000610352,141.406796,-34.410979
"132","high reliability","Bird transect","place",13191.26712,"road",0.106206114,"Y","N","Y","Y","N",49.1129989624023,-0.00240000011399388,29,11,42,4,1.13329994678497,0.00400000018998981,1.61613845825195,10.6765518188477,346.067504882812,-13.0838003158569,69.0838012695312,-3.08380007743835,4,16.6303005218506,141.5629,-34.50481
"133","high reliability","Bird transect","place",13191.26712,"road",0.106206114,"Y","N","Y","Y","N",49.1129989624023,-0.00240000011399388,29,11,42,4,1.13329994678497,0.00400000018998981,1.61613845825195,10.6765518188477,346.067504882812,-13.0838003158569,69.0838012695312,-3.08380007743835,4,16.6303005218506,141.5629,-34.50481
"134","high reliability","Bird transect","place",13191.26712,"road",0.106206114,"Y","N","Y","Y","N",49.1129989624023,-0.00240000011399388,29,11,42,4,1.13329994678497,0.00400000018998981,1.61613845825195,10.6765518188477,346.067504882812,-13.0838003158569,69.0838012695312,-3.08380007743835,4,16.6303005218506,141.5629,-34.50481
"135","high reliability","Bird transect","place",13191.26712,"road",0.106206114,"Y","N","Y","Y","N",49.1129989624023,-0.00240000011399388,29,11,42,4,1.13329994678497,0.00400000018998981,1.61613845825195,10.6765518188477,346.067504882812,-13.0838003158569,69.0838012695312,-3.08380007743835,4,16.6303005218506,141.5629,-34.50481
"136","high reliability","Bird transect","place",13191.26712,"road",0.106206114,"Y","N","Y","Y","N",49.1129989624023,-0.00240000011399388,29,11,42,4,1.13329994678497,0.00400000018998981,1.61613845825195,10.6765518188477,346.067504882812,-13.0838003158569,69.0838012695312,-3.08380007743835,4,16.6303005218506,141.5629,-34.50481
"137","high reliability","Bird transect","place",13191.26712,"road",0.106206114,"Y","N","Y","Y","N",49.1129989624023,-0.00240000011399388,29,11,42,4,1.13329994678497,0.00400000018998981,1.61613845825195,10.6765518188477,346.067504882812,-13.0838003158569,69.0838012695312,-3.08380007743835,4,16.6303005218506,141.5629,-34.50481
"138","high reliability","Bird transect","place",13191.26712,"road",0.106206114,"Y","N","Y","Y","N",49.1129989624023,-0.00240000011399388,29,11,42,4,1.13329994678497,0.00400000018998981,1.61613845825195,10.6765518188477,346.067504882812,-13.0838003158569,69.0838012695312,-3.08380007743835,4,16.6303005218506,141.5629,-34.50481
"139","high reliability","Bird transect","place",26212.73545,"watercourse_channel",0.159849808,"N","Y","Y","Y","N",72.9210968017578,0.0115000000223517,71,51,48,5,1.28410005569458,0.00389999989420176,0.461944878101349,3.61427092552185,334.077087402344,-8.07709980010986,64.0831985473633,4.92290019989014,5,15.8600997924805,141.91089,-35.44049
"140","high reliability","Bird transect","place",26212.73545,"watercourse_channel",0.159849808,"N","Y","Y","Y","N",72.9210968017578,0.0115000000223517,71,51,48,5,1.28410005569458,0.00389999989420176,0.461944878101349,3.61427092552185,334.077087402344,-8.07709980010986,64.0831985473633,4.92290019989014,5,15.8600997924805,141.91089,-35.44049
"141","high reliability","Bird transect","place",26212.73545,"watercourse_channel",0.159849808,"N","Y","Y","Y","N",72.9210968017578,0.0115000000223517,71,51,48,5,1.28410005569458,0.00389999989420176,0.461944878101349,3.61427092552185,334.077087402344,-8.07709980010986,64.0831985473633,4.92290019989014,5,15.8600997924805,141.91089,-35.44049
"142","high reliability","Bird transect","place",26212.73545,"watercourse_channel",0.159849808,"N","Y","Y","Y","N",72.9210968017578,0.0115000000223517,71,51,48,5,1.28410005569458,0.00389999989420176,0.461944878101349,3.61427092552185,334.077087402344,-8.07709980010986,64.0831985473633,4.92290019989014,5,15.8600997924805,141.91089,-35.44049
"143","high reliability","Bird transect","place",26212.73545,"watercourse_channel",0.159849808,"N","Y","Y","Y","N",72.9210968017578,0.0115000000223517,71,51,48,5,1.28410005569458,0.00389999989420176,0.461944878101349,3.61427092552185,334.077087402344,-8.07709980010986,64.0831985473633,4.92290019989014,5,15.8600997924805,141.91089,-35.44049
"144","high reliability","Bird transect","place",26212.73545,"watercourse_channel",0.159849808,"N","Y","Y","Y","N",72.9210968017578,0.0115000000223517,71,51,48,5,1.28410005569458,0.00389999989420176,0.461944878101349,3.61427092552185,334.077087402344,-8.07709980010986,64.0831985473633,4.92290019989014,5,15.8600997924805,141.91089,-35.44049
"145","high reliability","Incidental","place",14367.3831,"road",0.002402658,"Y","N","Y","Y","N",68.1999969482422,-0.0379999987781048,29,11,42,4,1.55250000953674,0.0154999997466803,0.304734289646149,3.76713180541992,346.050689697266,-13.0507001876831,68.0506973266602,-3.05069994926453,4,15.1731004714966,141.38919,-34.39637
"146","high reliability","Incidental","place",21121.25939,"state_border",0.000983485,"N","N","Y","Y","N",30.13330078125,-0.00359999993816018,9,8,19,4,0.934199988842011,0.00779999978840351,0.470129996538162,5.32201910018921,352.520690917969,-15.7877998352051,72.7878036499024,-9.78779983520508,4,16.6672992706299,140.9639,-34.16882
"147","high reliability","Incidental","place",13431.08954,"road",0.107134734,"Y","N","Y","Y","N",49.4000015258789,0.00609999988228083,29,11,42,4,1.14370000362396,0.00899999961256981,1.60139906406403,10.0476598739624,344.969207763672,-12.9156999588013,68.9157028198242,-2.91569995880127,4,16.1653003692627,141.55999,-34.50647
"148","high reliability","Camera - Surveillance/Remote","place",6545.546019,"watercourse_stream",0.017061422,"Y","N","Y","Y","N",109.745002746582,0.0163000002503395,37,140,125,106,1.86580002307892,0.0116999996826053,0.193773195147514,4.93233060836792,269.041198730469,0.625199973583221,80.217903137207,63.081901550293,106,16.8894996643066,141.54273,-37.9842
"149","high reliability","Birds Australia 500m area search","mountain",11060.23066,"road",0.01479257,"Y","N","Y","Y","N",279.399993896484,-0.00730000017210841,64,102,139,106,1.90610003471375,0.0315999984741211,0.347306787967682,9.08041572570801,291.187286376953,1.85450005531311,68.1886978149414,39.0917015075684,106,18.2250003814697,142.34971,-37.49832
"150","high reliability","General observations","place",13191.26712,"road",0.106206114,"Y","N","Y","Y","N",49.1129989624023,-0.00240000011399388,29,11,42,4,1.13329994678497,0.00400000018998981,1.61613845825195,10.6765518188477,346.067504882812,-13.0838003158569,69.0838012695312,-3.08380007743835,4,16.6303005218506,141.5629,-34.50481
"151","high reliability","Timed bird census","place",15550.14487,"road",0.002621382,"Y","N","Y","Y","N",72.8000030517578,0.0463000014424324,73,9,42,18,1.59990000724793,0.0116999996826053,0.558694660663605,4.67377376556397,344.916595458984,-12.916600227356,67.9166030883789,-2.88019990921021,4,15.4303998947144,141.41205,-34.3999
"152","high reliability","Timed bird census","place",15086.63619,"road",0.011746946,"Y","N","Y","Y","N",79.1999969482422,-0.00789999961853027,56,46,42,18,1.65929996967316,0.00779999978840351,0.562338471412659,4.76498937606812,344.550506591797,-12.5506000518799,67.1778030395508,-1.55060005187988,4,15.4324998855591,141.43391,-34.41786
"153","high reliability","Incidental","place",9904.730056,"watercourse_stream",0.008513969,"Y","N","Y","Y","N",488.200012207031,-0.14020000398159,19,100,105,16,2.62800002098083,0.022299999371171,0.178317606449127,6.90365314483643,286.36669921875,4.53560018539429,58.2975997924805,47.6431007385254,12,15.2843999862671,144.65206,-37.21463
"154","high reliability","Bird transect","place",13979.71268,"road",0.008212895,"N","N","Y","Y","N",75.5999984741211,0.00410000002011657,73,9,42,18,1.62119996547699,0.0111999996006489,0.608114898204803,4.52489280700684,347.559204101562,-15.559100151062,70.5590972900391,-4.55910015106201,4,16.4559993743896,141.44575,-34.41602
"155","low reliability","Timed bird census","mountain",7144.491243,"road",0.004629455,"Y","N","Y","Y","Y",146,-1.72510004043579,63,65,124,6,2.13759994506836,0.12610000371933,0.218155458569527,11.5183181762695,283.915100097656,32.9374008178711,69.8483963012695,66.7409973144531,6,13.7458000183106,145.6928,-37.94446
"156","low reliability","Timed bird census","rail_station",7343.073528,"watercourse_stream",0.01562238,"Y","N","Y","Y","Y",86.5999984741211,-0.490099996328354,62,98,124,6,1.90400004386902,0.029899999499321,0.330596178770065,12.4704523086548,284.137603759766,26.9083995819092,74.0274963378906,50.9678001403809,6,14.1532001495361,145.59656,-38.00426
"157","high reliability","Trap (unspecified)","place",12772.92663,"road",0.100458092,"N","N","Y","Y","N",51.2000007629395,0.00249999994412065,71,51,42,5,1.1956000328064,0.00279999990016222,1.40302836894989,10.9327564239502,345.394989013672,-12.6000995635986,68.60009765625,-2.60010004043579,5,16.952600479126,141.55833,-34.5
"158","high reliability","General observations","place",1354.878265,"road",0.011065156,"N","N","Y","N","N",56.4000015258789,-0.0208999998867512,29,11,42,18,1.28069996833801,0.00810000021010637,0.461324661970138,4.32903051376343,347.636810302734,-12.9511003494263,69.9511032104492,-3.95110011100769,4,16.003999710083,141.60569,-34.39639
"159","high reliability","Timed bird census","place",15086.63619,"road",0.011746946,"Y","N","Y","Y","N",79.1999969482422,-0.00789999961853027,56,46,42,18,1.65929996967316,0.00779999978840351,0.562338471412659,4.76498937606812,344.550506591797,-12.5506000518799,67.1778030395508,-1.55060005187988,4,15.4324998855591,141.43391,-34.41786
"160","high reliability","Bird transect","place",16221.30476,"road",0.001729681,"Y","N","Y","N","N",76.5999984741211,0.0031999999191612,29,11,42,18,1.63730001449585,0.00620000017806888,0.79191130399704,5.3702802658081,345.382202148437,-13.3822002410889,68.3822021484375,-2.58820009231567,4,15.5792999267578,141.42196,-34.40243
"161","high reliability","Incidental","place",11685.86314,"road",0.060510855,"N","N","Y","N","N",77.1999969482422,-0.0107000004500151,56,46,42,18,1.62549996376038,0.0108000002801418,-0.0712101310491562,0.240115195512772,344.322814941406,-11.8667001724243,67.86669921875,-1.86670005321503,4,15.9657001495361,141.50741,-34.46574
"162","high reliability","Incidental","place",13438.45449,"road",0.007235002,"N","N","Y","N","N",79.5999984741211,0.00329999998211861,73,9,42,18,1.65980005264282,0.00279999990016222,0.538940191268921,4.04086351394653,346.3291015625,-13.8963003158569,69.3291015625,-3.32909989356995,4,16.4115009307861,141.45173,-34.41582
"163","low reliability","Timed bird census","place",5565.365235,"watercourse_river",0.002818097,"Y","N","Y","Y","N",139.199996948242,-1.85060000419617,63,65,124,12,2.11610007286072,0.0859000012278557,0.222921743988991,7.36051797866821,281.156494140625,35.7664985656738,65.7173004150391,65.3848037719727,12,11.9201002120972,145.73878,-37.95755
"164","high reliability","Trap (unspecified)","place",15111.23465,"road",0.010653407,"Y","N","Y","Y","N",79,-0.00329999998211861,56,46,42,18,1.65750002861023,0.00469999993219972,0.562823116779327,4.99727582931519,345.315887451172,-13.315899848938,68.0134963989258,-2.31590008735657,4,16.1194000244141,141.43333,-34.41667
"165","high reliability","Trap (unspecified)","place",15111.23465,"road",0.010653407,"Y","N","Y","Y","N",79,-0.00329999998211861,56,46,42,18,1.65750002861023,0.00469999993219972,0.562823116779327,4.99727582931519,345.315887451172,-13.315899848938,68.0134963989258,-2.31590008735657,4,16.1194000244141,141.43333,-34.41667
"166","high reliability","Trap (unspecified)","place",19661.26684,"watercourse_channel",0.113537809,"Y","Y","Y","Y","N",71.5999984741211,-0.00230000005103648,71,51,48,5,1.22000002861023,0.00810000021010637,0.627942264080048,4.02841424942017,335.184997558594,-9.18509960174561,65.5655975341797,3.70230007171631,5,16.5184993743896,141.99861,-35.46389
"167","high reliability","Trap (unspecified)","place",15111.23465,"road",0.010653407,"Y","N","Y","Y","N",79,-0.00329999998211861,56,46,42,18,1.65750002861023,0.00469999993219972,0.562823116779327,4.99727582931519,345.315887451172,-13.315899848938,68.0134963989258,-2.31590008735657,4,16.1194000244141,141.43333,-34.41667
"168","high reliability","Trap (unspecified)","place",15111.23465,"road",0.010653407,"Y","N","Y","Y","N",79,-0.00329999998211861,56,46,42,18,1.65750002861023,0.00469999993219972,0.562823116779327,4.99727582931519,345.315887451172,-13.315899848938,68.0134963989258,-2.31590008735657,4,16.1194000244141,141.43333,-34.41667
"169","high reliability","Birds Australia 5km area search","place",14128.77825,"road",8.09e-05,"N","N","Y","Y","N",83.4000015258789,0.00549999997019768,29,11,42,18,1.69659996032715,0,0.708964884281158,5.48340368270874,345.085296630859,-12.4579000473023,67.7682037353516,-2.08529996871948,4,16.3229999542236,141.44214,-34.40711
"170","high reliability","Birds Australia 2ha search","mountain",11060.23066,"road",0.01479257,"Y","N","Y","Y","N",279.399993896484,-0.00730000017210841,64,102,139,106,1.90610003471375,0.0315999984741211,0.347306787967682,9.08041572570801,291.187286376953,1.85450005531311,68.1886978149414,39.0917015075684,106,18.2250003814697,142.34971,-37.49832
"171","high reliability","Incidental","place",14773.91303,"road",0.025615297,"Y","N","Y","Y","N",85,0.0100999996066093,29,11,42,4,1.70930004119873,0.00439999997615814,0.245935529470444,2.9298255443573,344.541687011719,-12.5566997528076,67.5417022705078,-2.54180002212524,4,15.9521999359131,141.44269,-34.43316
"172","high reliability","Incidental","place",14773.91303,"road",0.025615297,"Y","N","Y","Y","N",85,0.0100999996066093,29,11,42,4,1.70930004119873,0.00439999997615814,0.245935529470444,2.9298255443573,344.541687011719,-12.5566997528076,67.5417022705078,-2.54180002212524,4,15.9521999359131,141.44269,-34.43316
"173","high reliability","Incidental","place",14773.91303,"road",0.025615297,"Y","N","Y","Y","N",85,0.0100999996066093,29,11,42,4,1.70930004119873,0.00439999997615814,0.245935529470444,2.9298255443573,344.541687011719,-12.5566997528076,67.5417022705078,-2.54180002212524,4,15.9521999359131,141.44269,-34.43316
"174","high reliability","Incidental","place",14773.91303,"road",0.025615297,"Y","N","Y","Y","N",85,0.0100999996066093,29,11,42,4,1.70930004119873,0.00439999997615814,0.245935529470444,2.9298255443573,344.541687011719,-12.5566997528076,67.5417022705078,-2.54180002212524,4,15.9521999359131,141.44269,-34.43316
"175","high reliability","Incidental","place",14773.91303,"road",0.025615297,"Y","N","Y","Y","N",85,0.0100999996066093,29,11,42,4,1.70930004119873,0.00439999997615814,0.245935529470444,2.9298255443573,344.541687011719,-12.5566997528076,67.5417022705078,-2.54180002212524,4,15.9521999359131,141.44269,-34.43316
"176","high reliability","Incidental","place",14773.91303,"road",0.025615297,"Y","N","Y","Y","N",85,0.0100999996066093,29,11,42,4,1.70930004119873,0.00439999997615814,0.245935529470444,2.9298255443573,344.541687011719,-12.5566997528076,67.5417022705078,-2.54180002212524,4,15.9521999359131,141.44269,-34.43316
"177","high reliability","Timed bird census","place",14367.3831,"road",0.002402658,"Y","N","Y","Y","N",68.1999969482422,-0.0379999987781048,29,11,42,4,1.55250000953674,0.0154999997466803,0.304734289646149,3.76713180541992,346.050689697266,-13.0507001876831,68.0506973266602,-3.05069994926453,4,15.1731004714966,141.38919,-34.39637
"178","high reliability","General observations","place",3412.932906,"road",0.006999517,"Y","N","Y","Y","N",207,2.90669989585876,36,146,1,16,2.31200003623962,0.112300001084805,0.526698470115662,4.02289581298828,265.332489013672,30.3663005828857,74.6232986450195,62.5848999023438,12,12.8920001983643,146.3872,-38.36116
"179","low reliability","Timed bird census","place",2038.092224,"watercourse_river",0.010225925,"Y","N","Y","Y","Y",93.4000015258789,-0.0299999993294477,62,98,124,106,1.93309998512268,0.0252000000327825,0.906804740428925,7.09212684631348,288.453094482422,27.3523006439209,73.4618988037109,48.6702003479004,106,16.6471996307373,145.73354,-37.99023
"180","high reliability","Trap (unspecified)","place",15111.23465,"road",0.010653407,"Y","N","Y","Y","N",79,-0.00329999998211861,56,46,42,18,1.65750002861023,0.00469999993219972,0.562823116779327,4.99727582931519,345.315887451172,-13.315899848938,68.0134963989258,-2.31590008735657,4,16.1194000244141,141.43333,-34.41667
"181","high reliability","Trap (unspecified)","place",15111.23465,"road",0.010653407,"Y","N","Y","Y","N",79,-0.00329999998211861,56,46,42,18,1.65750002861023,0.00469999993219972,0.562823116779327,4.99727582931519,345.315887451172,-13.315899848938,68.0134963989258,-2.31590008735657,4,16.1194000244141,141.43333,-34.41667
"182","high reliability","Bird transect","place",13450.51732,"road",0.104067131,"Y","N","Y","Y","N",51,0,73,9,42,4,1.19289994239807,0.0105999996885657,1.49400138854981,10.6814184188843,346.095703125,-13.913200378418,69.913200378418,-3.91319990158081,4,16.2362003326416,141.552,-34.50486
"183","high reliability","Bird transect","place",19755.90469,"watercourse_channel",0.115778631,"Y","Y","Y","Y","N",71.8000030517578,-0.00170000002253801,71,51,48,5,1.22300004959106,0.0100999996066093,0.3410424888134,4.00430870056152,335.109710693359,-9.10970020294189,65.1097030639648,3.89030003547668,5,16.4650993347168,141.99935,-35.46684
"184","high reliability","Bird transect","place",19755.90469,"watercourse_channel",0.115778631,"Y","Y","Y","Y","N",71.8000030517578,-0.00170000002253801,71,51,48,5,1.22300004959106,0.0100999996066093,0.3410424888134,4.00430870056152,335.109710693359,-9.10970020294189,65.1097030639648,3.89030003547668,5,16.4650993347168,141.99935,-35.46684
"185","high reliability","Bird transect","place",19755.90469,"watercourse_channel",0.115778631,"Y","Y","Y","Y","N",71.8000030517578,-0.00170000002253801,71,51,48,5,1.22300004959106,0.0100999996066093,0.3410424888134,4.00430870056152,335.109710693359,-9.10970020294189,65.1097030639648,3.89030003547668,5,16.4650993347168,141.99935,-35.46684
"186","high reliability","Bird transect","place",19755.90469,"watercourse_channel",0.115778631,"Y","Y","Y","Y","N",71.8000030517578,-0.00170000002253801,71,51,48,5,1.22300004959106,0.0100999996066093,0.3410424888134,4.00430870056152,335.109710693359,-9.10970020294189,65.1097030639648,3.89030003547668,5,16.4650993347168,141.99935,-35.46684
"187","high reliability","Bird transect","place",19755.90469,"watercourse_channel",0.115778631,"Y","Y","Y","Y","N",71.8000030517578,-0.00170000002253801,71,51,48,5,1.22300004959106,0.0100999996066093,0.3410424888134,4.00430870056152,335.109710693359,-9.10970020294189,65.1097030639648,3.89030003547668,5,16.4650993347168,141.99935,-35.46684
"188","high reliability","Bird transect","place",19755.90469,"watercourse_channel",0.115778631,"Y","Y","Y","Y","N",71.8000030517578,-0.00170000002253801,71,51,48,5,1.22300004959106,0.0100999996066093,0.3410424888134,4.00430870056152,335.109710693359,-9.10970020294189,65.1097030639648,3.89030003547668,5,16.4650993347168,141.99935,-35.46684
"189","high reliability","Timed bird census","place",15086.63619,"road",0.011746946,"Y","N","Y","Y","N",79.1999969482422,-0.00789999961853027,56,46,42,18,1.65929996967316,0.00779999978840351,0.562338471412659,4.76498937606812,344.550506591797,-12.5506000518799,67.1778030395508,-1.55060005187988,4,15.4324998855591,141.43391,-34.41786
"190","high reliability","Birds Australia 500m area search","place",13577.60588,"road",0.10787507,"Y","N","Y","Y","N",51.8596000671387,-0.00150000001303852,56,46,42,4,1.21490001678467,0.00579999992623925,1.36133885383606,9.88768768310547,344.929992675781,-12.9300003051758,68.9300003051758,-2.9300000667572,4,16.5811004638672,141.55856,-34.50754
"191","high reliability","Bird transect","place",15257.3465,"road",0.020071854,"Y","N","Y","Y","N",78,0.00939999986439943,29,11,42,18,1.64719998836517,0.0109000001102686,0.750303387641907,5.8168568611145,346.527008056641,-14.5270004272461,69.5267028808594,-3.52699995040894,4,16.0097999572754,141.43457,-34.42637
"192","high reliability","Bird transect","place",9628.016698,"road",0.016573925,"N","N","Y","N","N",67.5999984741211,0.00120000005699694,56,46,42,4,1.56009995937347,0.00359999993816018,0.503583490848541,4.36443996429443,345.985290527344,-12.9853000640869,67.9852981567383,-2.98530006408691,4,16.1389007568359,141.34993,-34.36043
"193","high reliability","Bird transect","place",9628.016698,"road",0.016573925,"N","N","Y","N","N",67.5999984741211,0.00120000005699694,56,46,42,4,1.56009995937347,0.00359999993816018,0.503583490848541,4.36443996429443,345.985290527344,-12.9853000640869,67.9852981567383,-2.98530006408691,4,16.1389007568359,141.34993,-34.36043
"194","high reliability","Trap (unspecified)","place",15111.23465,"road",0.010653407,"Y","N","Y","Y","N",79,-0.00329999998211861,56,46,42,18,1.65750002861023,0.00469999993219972,0.562823116779327,4.99727582931519,345.315887451172,-13.315899848938,68.0134963989258,-2.31590008735657,4,16.1194000244141,141.43333,-34.41667
"195","high reliability","Birds Australia 2ha search","place",19469.99564,"watercourse_channel",0.108861204,"Y","Y","Y","Y","N",73.1999969482422,0.00960000045597553,71,51,48,5,1.26440000534058,0.012699999846518,0.477015942335129,3.71441555023193,333.819305419922,-7.81920003890991,64.1952972412109,5.17840003967285,5,15.463399887085,141.99716,-35.45767
"196","high reliability","Birds Australia 500m area search","place",511.3467576,"watercourse_channel",0.000501862,"N","N","Y","Y","N",66.4000015258789,-0.00139999995008111,71,51,37,18,1.23940002918243,0.0141000002622604,0.461259990930557,5.65734720230103,338.422393798828,-11.1300001144409,69.129997253418,-0.129999995231628,5,16.4286994934082,142.03105,-35.14072
"197","high reliability","General observations","place",13857.85177,"watercourse_channel",0.011791729,"N","N","Y","Y","N",70.1999969482422,-0.00669999979436398,56,46,48,4,1.35950005054474,0.0019000000320375,0.121706254780292,2.60900545120239,338.726104736328,-11.3078002929688,69.3078002929687,0.330399990081787,4,16.4206008911133,142.1608,-35.19671
"198","high reliability","Timed bird census","place",15086.63619,"road",0.011746946,"Y","N","Y","Y","N",79.1999969482422,-0.00789999961853027,56,46,42,18,1.65929996967316,0.00779999978840351,0.562338471412659,4.76498937606812,344.550506591797,-12.5506000518799,67.1778030395508,-1.55060005187988,4,15.4324998855591,141.43391,-34.41786
"199","high reliability","Timed bird census","place",15086.63619,"road",0.011746946,"Y","N","Y","Y","N",79.1999969482422,-0.00789999961853027,56,46,42,18,1.65929996967316,0.00779999978840351,0.562338471412659,4.76498937606812,344.550506591797,-12.5506000518799,67.1778030395508,-1.55060005187988,4,15.4324998855591,141.43391,-34.41786
"200","high reliability","Incidental","place",16977.97933,"road",0.151985955,"Y","N","Y","N","N",45,-0.00350000010803342,29,11,42,4,0.985099971294403,0.0131000000983477,1.28113293647766,9.92679500579834,345.652099609375,-13.0299997329712,69.652099609375,-3.65210008621216,4,16.3757991790771,141.60374,-34.5416
"201","high reliability","Birds Australia 2ha search","place",14393.64257,"road",0.002853288,"N","N","Y","Y","N",78.8357009887695,0.000899999984540045,73,9,42,18,1.6550999879837,0.0044999998062849,0.669396638870239,5.03752183914185,345.714599609375,-13.714599609375,68.714599609375,-2.89759993553162,4,16.1166000366211,141.43971,-34.40972
"202","high reliability","Camera - Surveillance/Remote","place",8695.894891,"watercourse_stream",0.02758677,"Y","N","Y","Y","N",126.610496520996,-0.0586000010371208,37,140,125,6,1.95529997348785,0.0113000003620982,0.174885049462318,3.71080732345581,264.743286132812,2.30060005187988,78.7008972167969,64.3255004882812,6,15.0340003967285,141.612279,-38.018757
"203","high reliability","General observations","place",5286.249304,"state_border",0.00432373,"N","N","Y","Y","N",43.9772987365723,0.000300000014249235,50,5,19,104,0.965499997138977,0.00329999998211861,0.808192431926727,5.11507654190064,359.890899658203,-19.6035995483398,80.5980987548828,-14.7442998886108,104,16.2381000518799,142.24159,-34.28789
"204","high reliability","Incidental","place",15086.63619,"road",0.011746946,"Y","N","Y","Y","N",79.1999969482422,-0.00789999961853027,56,46,42,18,1.65929996967316,0.00779999978840351,0.562338471412659,4.76498937606812,344.550506591797,-12.5506000518799,67.1778030395508,-1.55060005187988,4,15.4324998855591,141.43391,-34.41786
"205","high reliability","Birds Australia 5km area search","place",20452.85931,"road",0.004109236,"Y","N","Y","Y","N",80.4000015258789,0.017400000244379,71,51,48,5,1.33150005340576,0.011400000192225,0.0968292504549027,2.09692287445068,334.5830078125,-10.0726003646851,65.2714996337891,3.72869992256165,5,15.5673999786377,142.05048,-35.58452
"206","high reliability","Birds Australia 2ha search","place",14393.64257,"road",0.002853288,"N","N","Y","Y","N",78.8357009887695,0.000899999984540045,73,9,42,18,1.6550999879837,0.0044999998062849,0.669396638870239,5.03752183914185,345.714599609375,-13.714599609375,68.714599609375,-2.89759993553162,4,16.1166000366211,141.43971,-34.40972
"207","high reliability","Birds Australia 2ha search","place",13850.35149,"road",0.107333416,"Y","N","Y","Y","N",49.5999984741211,-0.00490000005811453,9,8,42,4,1.15299999713898,0.0179999992251396,0.881783545017242,7.22752618789673,347.670593261719,-15.6370000839233,71.6293029785156,-5.63299989700317,4,16.7926998138428,141.55082,-34.50833
"208","high reliability","Incidental","place",19265.50611,"watercourse_channel",0.10659443,"Y","Y","Y","Y","N",78.7957992553711,0.023199999704957,70,49,48,5,1.3808000087738,0.00499999988824129,0.431916773319244,3.69077682495117,332.201599121094,-6.20160007476807,62.2304992675781,6.79839992523193,5,15.5079002380371,141.99862,-35.45589
"209","low reliability","Timed bird census","place",2038.092224,"watercourse_river",0.010225925,"Y","N","Y","Y","Y",93.4000015258789,-0.0299999993294477,62,98,124,106,1.93309998512268,0.0252000000327825,0.906804740428925,7.09212684631348,288.453094482422,27.3523006439209,73.4618988037109,48.6702003479004,106,16.6471996307373,145.73354,-37.99023
"210","high reliability","Trap (unspecified)","place",15111.23465,"road",0.010653407,"Y","N","Y","Y","N",79,-0.00329999998211861,56,46,42,18,1.65750002861023,0.00469999993219972,0.562823116779327,4.99727582931519,345.315887451172,-13.315899848938,68.0134963989258,-2.31590008735657,4,16.1194000244141,141.43333,-34.41667
"211","high reliability","Trap (unspecified)","place",15111.23465,"road",0.010653407,"Y","N","Y","Y","N",79,-0.00329999998211861,56,46,42,18,1.65750002861023,0.00469999993219972,0.562823116779327,4.99727582931519,345.315887451172,-13.315899848938,68.0134963989258,-2.31590008735657,4,16.1194000244141,141.43333,-34.41667
"212","high reliability","Trap (unspecified)","place",15111.23465,"road",0.010653407,"Y","N","Y","Y","N",79,-0.00329999998211861,56,46,42,18,1.65750002861023,0.00469999993219972,0.562823116779327,4.99727582931519,345.315887451172,-13.315899848938,68.0134963989258,-2.31590008735657,4,16.1194000244141,141.43333,-34.41667
"213","high reliability","Birds Australia 500m area search","place",622.016119,"road",0.014871025,"N","N","Y","Y","N",145.800003051758,0.00139999995008111,42,50,97,18,1.24590003490448,0.00310000008903444,0.300770938396454,6.67835187911987,322.759704589844,-9.75969982147217,67.6691970825195,22.2402992248535,9,16.2362003326416,141.75774,-36.78462
"214","high reliability","Birds Australia 2ha search","place",15335.67391,"road",0.020735707,"Y","N","Y","Y","N",78.4000015258789,0.0137999998405576,29,11,42,18,1.65120005607605,0.00960000045597553,0.757199883460999,5.98470973968506,345.926391601562,-13.9264001846314,68.9119033813477,-2.92639994621277,4,15.9083995819092,141.43388,-34.42694
"215","high reliability","Incidental","place",18901.22946,"watercourse_channel",0.100210033,"Y","Y","Y","Y","N",75.6919021606445,-0.0516000017523766,71,51,48,5,1.32469999790192,0.0127999996766448,0.208772733807564,2.51238107681274,333.550598144531,-7.55060005187988,64.0350036621094,5.22149991989136,5,15.8660001754761,141.99913,-35.44881
"216","high reliability","Incidental","place",18901.22946,"watercourse_channel",0.100210033,"Y","Y","Y","Y","N",75.6919021606445,-0.0516000017523766,71,51,48,5,1.32469999790192,0.0127999996766448,0.208772733807564,2.51238107681274,333.550598144531,-7.55060005187988,64.0350036621094,5.22149991989136,5,15.8660001754761,141.99913,-35.44881
"217","high reliability","Incidental","place",18901.22946,"watercourse_channel",0.100210033,"Y","Y","Y","Y","N",75.6919021606445,-0.0516000017523766,71,51,48,5,1.32469999790192,0.0127999996766448,0.208772733807564,2.51238107681274,333.550598144531,-7.55060005187988,64.0350036621094,5.22149991989136,5,15.8660001754761,141.99913,-35.44881
"218","high reliability","Incidental","place",18540.38006,"watercourse_channel",0.092656747,"Y","Y","Y","Y","N",71.8000030517578,-0.00669999979436398,71,51,48,5,1.24259996414185,0.00540000014007092,0.200938150286674,3.57925939559936,334.9833984375,-8.98340034484863,65.9833984375,4.01660013198853,5,17.0205001831055,141.99902,-35.4398
"219","high reliability","Incidental","place",18540.38006,"watercourse_channel",0.092656747,"Y","Y","Y","Y","N",71.8000030517578,-0.00669999979436398,71,51,48,5,1.24259996414185,0.00540000014007092,0.200938150286674,3.57925939559936,334.9833984375,-8.98340034484863,65.9833984375,4.01660013198853,5,17.0205001831055,141.99902,-35.4398
"220","high reliability","Incidental","place",18540.38006,"watercourse_channel",0.092656747,"Y","Y","Y","Y","N",71.8000030517578,-0.00669999979436398,71,51,48,5,1.24259996414185,0.00540000014007092,0.200938150286674,3.57925939559936,334.9833984375,-8.98340034484863,65.9833984375,4.01660013198853,5,17.0205001831055,141.99902,-35.4398
"221","high reliability","Bird transect","place",477.7072602,"watercourse_channel",8.09e-05,"Y","N","Y","Y","N",71.4000015258789,0.021900000050664,71,51,37,5,1.34529995918274,0.00540000014007092,0.700805485248566,4.60606241226196,336.877685546875,-9.87030029296875,67.8703002929688,1.12870001792908,5,15.692099571228,142.0283,-35.142
"222","high reliability","Bird transect","place",477.7072602,"watercourse_channel",8.09e-05,"Y","N","Y","Y","N",71.4000015258789,0.021900000050664,71,51,37,5,1.34529995918274,0.00540000014007092,0.700805485248566,4.60606241226196,336.877685546875,-9.87030029296875,67.8703002929688,1.12870001792908,5,15.692099571228,142.0283,-35.142
"223","high reliability","Bird transect","place",477.7072602,"watercourse_channel",8.09e-05,"Y","N","Y","Y","N",71.4000015258789,0.021900000050664,71,51,37,5,1.34529995918274,0.00540000014007092,0.700805485248566,4.60606241226196,336.877685546875,-9.87030029296875,67.8703002929688,1.12870001792908,5,15.692099571228,142.0283,-35.142
"224","high reliability","General observations","place",13191.26712,"road",0.106206114,"Y","N","Y","Y","N",49.1129989624023,-0.00240000011399388,29,11,42,4,1.13329994678497,0.00400000018998981,1.61613845825195,10.6765518188477,346.067504882812,-13.0838003158569,69.0838012695312,-3.08380007743835,4,16.6303005218506,141.5629,-34.50481
"225","high reliability","Timed bird census","place",14367.3831,"road",0.002402658,"Y","N","Y","Y","N",68.1999969482422,-0.0379999987781048,29,11,42,4,1.55250000953674,0.0154999997466803,0.304734289646149,3.76713180541992,346.050689697266,-13.0507001876831,68.0506973266602,-3.05069994926453,4,15.1731004714966,141.38919,-34.39637
"226","high reliability","Timed bird census","place",14647.63751,"road",0.022056086,"Y","N","Y","Y","N",79.8000030517578,0.00109999999403954,29,11,42,4,1.6628999710083,0.0094999996945262,0.401670932769775,3.42022061347961,346.955902099609,-15.1118001937866,69.7571029663086,-4.18599987030029,4,16.6417007446289,141.44267,-34.42956
"227","high reliability","Timed bird census","place",14647.63751,"road",0.022056086,"Y","N","Y","Y","N",79.8000030517578,0.00109999999403954,29,11,42,4,1.6628999710083,0.0094999996945262,0.401670932769775,3.42022061347961,346.955902099609,-15.1118001937866,69.7571029663086,-4.18599987030029,4,16.6417007446289,141.44267,-34.42956
"228","high reliability","Incidental","place",865.2589313,"watercourse_channel",0.00051342,"Y","N","Y","Y","N",66.2879028320313,0.00579999992623925,71,51,37,18,1.23080003261566,0.0108000002801418,0.718668460845947,5.86611890792847,339.092498779297,-11.1056995391846,69.1060028076172,-0.105700001120567,5,16.3038997650146,142.0313,-35.1447
"229","high reliability","Trap (unspecified)","place",18881.13061,"watercourse_channel",0.100793224,"Y","Y","Y","Y","N",72.5999984741211,-0.00249999994412065,71,51,48,5,1.25499999523163,0.00719999987632036,0.22264638543129,2.53599095344543,335.441802978516,-9.44180011749268,66.0943984985352,3.41529989242554,5,16.593900680542,142,-35.45
"230","low reliability","General observations","place",4942.090319,"road",0.007472724,"Y","N","Y","N","Y",151.199996948242,0.342599987983704,40,30,106,6,2.12910008430481,0.0599999986588955,0.434189200401306,12.0748062133789,294.498596191406,27.476900100708,80.7042999267578,61.4020004272461,6,15.3471002578735,145.542,-37.6967
"231","high reliability","Timed bird census","place",15086.63619,"road",0.011746946,"Y","N","Y","Y","N",79.1999969482422,-0.00789999961853027,56,46,42,18,1.65929996967316,0.00779999978840351,0.562338471412659,4.76498937606812,344.550506591797,-12.5506000518799,67.1778030395508,-1.55060005187988,4,15.4324998855591,141.43391,-34.41786
"232","high reliability","Timed bird census","place",14647.63751,"road",0.022056086,"Y","N","Y","Y","N",79.8000030517578,0.00109999999403954,29,11,42,4,1.6628999710083,0.0094999996945262,0.401670932769775,3.42022061347961,346.955902099609,-15.1118001937866,69.7571029663086,-4.18599987030029,4,16.6417007446289,141.44267,-34.42956
"233","high reliability","Birds Australia 500m area search","place",12321.35157,"road",0.054922982,"N","N","Y","N","N",64.5999984741211,-0.00139999995008111,73,9,42,18,1.49619996547699,0.00579999992623925,0.689835608005524,5.19982671737671,349.644287109375,-15.6443004608154,70.6443023681641,-5.64429998397827,4,16.214599609375,141.45194,-34.33122
"234","high reliability","Bird transect","place",14875.09195,"road",0.02293627,"Y","N","Y","Y","N",79.1999969482422,-0.00139999995008111,73,9,42,18,1.65750002861023,0.011400000192225,0.529991805553436,5.05410957336426,347.221313476562,-15.3267002105713,69.9845962524414,-4.37150001525879,4,16.6702995300293,141.44028,-34.4301
"235","high reliability","Trap (unspecified)","place",12772.92663,"road",0.100458092,"N","N","Y","Y","N",51.2000007629395,0.00249999994412065,71,51,42,5,1.1956000328064,0.00279999990016222,1.40302836894989,10.9327564239502,345.394989013672,-12.6000995635986,68.60009765625,-2.60010004043579,5,16.952600479126,141.55833,-34.5
"236","high reliability","General observations","place",9558.264189,"road",0.002384099,"N","N","Y","N","N",66.369499206543,-0.00350000010803342,71,51,42,18,1.54849994182587,0.00400000018998981,0.504032135009766,4.37720918655396,346.016998291016,-13.0170001983643,68.0169982910156,-3.01699995994568,5,15.7617998123169,141.33574,-34.36046
"237","high reliability","General observations","airport",33210.61256,"watercourse_channel",0.182656849,"Y","Y","Y","Y","N",47.5999984741211,0.0113000003620982,29,11,44,5,1.06749999523163,0.0015999999595806,0.385174304246902,4.28157186508179,343.114898681641,-12.114800453186,70.1147994995117,-2.11479997634888,5,15.9818000793457,141.89257,-34.77338
"238","high reliability","Bird transect","place",14125.8359,"road",0.012300326,"N","N","Y","N","N",64,0.00179999996908009,29,11,42,18,1.49489998817444,0.00260000000707805,0.5370814204216,4.57032537460327,346.656707763672,-13.6567001342773,68.6567001342773,-3.65669989585876,4,16.7401008605957,141.40418,-34.3888
"239","high reliability","Incidental","place",18680.46357,"road",0.141226756,"N","N","Y","Y","N",68,-0.035300001502037,71,51,42,5,1.51909995079041,0.0118000004440546,1.36852550506592,15.5941543579102,343.532012939453,-11.7502002716065,67.5318984985352,-1.53190004825592,5,16.0097999572754,141.52012,-34.54558
"240","low reliability","Timed bird census","place",5891.897928,"watercourse_stream",0.007467842,"Y","N","Y","Y","Y",122.599998474121,0.207599997520447,62,98,124,6,2.05789995193481,0.0118000004440546,0.214924469590187,6.00638771057129,286.18310546875,30.0811004638672,71.1913986206055,58.0934982299805,6,15.6382999420166,145.69067,-37.95832
"241","low reliability","Timed bird census","place",2456.55731,"road",0.011647895,"Y","N","Y","N","Y",139.800003051758,-0.0428000018000603,21,68,124,16,2.12330007553101,0.0527999997138977,0.871577262878418,6.60346603393555,278.817993164062,34.2778015136719,66.9653015136719,58.785701751709,6,12.0714998245239,145.69319,-38.00817
"242","low reliability","Timed bird census","place",4308.468516,"road",0.001605661,"Y","N","Y","Y","N",73.1999969482422,0.00439999997615814,62,98,118,112,1.8177000284195,0.0151000004261732,0.70589691400528,6.50758457183838,290.917297363281,24.1168994903564,74.8831024169922,37.117000579834,112,16.9720993041992,145.80595,-38.00922
"243","high reliability","Trap (unspecified)","place",14251.98134,"road",0.00879127,"Y","N","Y","Y","N",66.5999984741211,0.00219999998807907,29,11,42,18,1.53050005435944,0.00439999997615814,0.613024413585663,4.44213676452637,345.858306884766,-12.8815002441406,67.8815002441406,-2.88150000572205,4,16.1853008270264,141.4,-34.39167
"244","high reliability","Trap (unspecified)","place",18386.3972,"watercourse_channel",0.095486356,"Y","Y","Y","Y","N",75.8000030517578,0.0100999996066093,71,51,48,5,1.32829999923706,0.00609999988228083,0.289681136608124,3.41978716850281,334.497985839844,-8.4980001449585,64.6156997680664,4.5019998550415,5,16.7523002624512,142.00389,-35.44611
"245","high reliability","Bird transect","place",12849.51835,"road",0.093918335,"Y","N","Y","Y","N",49.4000015258789,0.0153999999165535,73,9,42,4,1.14779996871948,0.0156999994069338,0.738919198513031,6.3709602355957,346.239990234375,-14.1511001586914,70.1511001586914,-4.15110015869141,4,17.1075992584229,141.54106,-34.4959
"246","high reliability","Bird transect","place",12849.51835,"road",0.093918335,"Y","N","Y","Y","N",49.4000015258789,0.0153999999165535,73,9,42,4,1.14779996871948,0.0156999994069338,0.738919198513031,6.3709602355957,346.239990234375,-14.1511001586914,70.1511001586914,-4.15110015869141,4,17.1075992584229,141.54106,-34.4959
"247","high reliability","Bird transect","place",12849.51835,"road",0.093918335,"Y","N","Y","Y","N",49.4000015258789,0.0153999999165535,73,9,42,4,1.14779996871948,0.0156999994069338,0.738919198513031,6.3709602355957,346.239990234375,-14.1511001586914,70.1511001586914,-4.15110015869141,4,17.1075992584229,141.54106,-34.4959
"248","high reliability","Bird transect","place",12849.51835,"road",0.093918335,"Y","N","Y","Y","N",49.4000015258789,0.0153999999165535,73,9,42,4,1.14779996871948,0.0156999994069338,0.738919198513031,6.3709602355957,346.239990234375,-14.1511001586914,70.1511001586914,-4.15110015869141,4,17.1075992584229,141.54106,-34.4959
"249","high reliability","General observations","place",13908.96878,"road",0.005516951,"N","N","Y","Y","N",79.5999984741211,-0.0297999996691942,29,11,42,18,1.66110002994537,0.00529999984428287,0.637790381908417,4.4781928062439,345.123596191406,-13.1236000061035,68.1235961914063,-2.12360000610352,4,15.7680997848511,141.44585,-34.41331
"250","high reliability","Timed bird census","place",14647.63751,"road",0.022056086,"Y","N","Y","Y","N",79.8000030517578,0.00109999999403954,29,11,42,4,1.6628999710083,0.0094999996945262,0.401670932769775,3.42022061347961,346.955902099609,-15.1118001937866,69.7571029663086,-4.18599987030029,4,16.6417007446289,141.44267,-34.42956
"251","high reliability","Timed bird census","place",15086.63619,"road",0.011746946,"Y","N","Y","Y","N",79.1999969482422,-0.00789999961853027,56,46,42,18,1.65929996967316,0.00779999978840351,0.562338471412659,4.76498937606812,344.550506591797,-12.5506000518799,67.1778030395508,-1.55060005187988,4,15.4324998855591,141.43391,-34.41786
"252","low reliability","Timed bird census","airport",1302.877901,"watercourse_river",0.002298553,"Y","N","Y","Y","Y",86.1999969482422,-0.119000002741814,40,30,124,16,1.8967000246048,0.0599999986588955,1.38877809047699,7.59512090682983,286.373413085937,28.1765995025635,72.0970001220703,49.0863990783691,6,14.2306003570557,145.73796,-38.00284
"253","high reliability","Trap (unspecified)","place",15111.23465,"road",0.010653407,"Y","N","Y","Y","N",79,-0.00329999998211861,56,46,42,18,1.65750002861023,0.00469999993219972,0.562823116779327,4.99727582931519,345.315887451172,-13.315899848938,68.0134963989258,-2.31590008735657,4,16.1194000244141,141.43333,-34.41667
"254","high reliability","Trap (unspecified)","place",15111.23465,"road",0.010653407,"Y","N","Y","Y","N",79,-0.00329999998211861,56,46,42,18,1.65750002861023,0.00469999993219972,0.562823116779327,4.99727582931519,345.315887451172,-13.315899848938,68.0134963989258,-2.31590008735657,4,16.1194000244141,141.43333,-34.41667
"255","high reliability","Trap (unspecified)","place",15111.23465,"road",0.010653407,"Y","N","Y","Y","N",79,-0.00329999998211861,56,46,42,18,1.65750002861023,0.00469999993219972,0.562823116779327,4.99727582931519,345.315887451172,-13.315899848938,68.0134963989258,-2.31590008735657,4,16.1194000244141,141.43333,-34.41667
"256","high reliability","Timed bird census","place",15086.63619,"road",0.011746946,"Y","N","Y","Y","N",79.1999969482422,-0.00789999961853027,56,46,42,18,1.65929996967316,0.00779999978840351,0.562338471412659,4.76498937606812,344.550506591797,-12.5506000518799,67.1778030395508,-1.55060005187988,4,15.4324998855591,141.43391,-34.41786
"257","high reliability","Timed bird census","place",14647.63751,"road",0.022056086,"Y","N","Y","Y","N",79.8000030517578,0.00109999999403954,29,11,42,4,1.6628999710083,0.0094999996945262,0.401670932769775,3.42022061347961,346.955902099609,-15.1118001937866,69.7571029663086,-4.18599987030029,4,16.6417007446289,141.44267,-34.42956
"258","high reliability","Timed bird census","place",15086.63619,"road",0.011746946,"Y","N","Y","Y","N",79.1999969482422,-0.00789999961853027,56,46,42,18,1.65929996967316,0.00779999978840351,0.562338471412659,4.76498937606812,344.550506591797,-12.5506000518799,67.1778030395508,-1.55060005187988,4,15.4324998855591,141.43391,-34.41786
"259","high reliability","Birds Australia 500m area search","place",6553.492817,"watercourse_channel",0.026395234,"N","N","Y","N","N",71.8000030517578,-0.0015999999595806,56,46,37,18,1.40950000286102,0.0097000002861023,0.26778382062912,2.89910507202148,338.983184814453,-11.2489004135132,68.2381973266602,-0.216000005602837,4,16.3560009002686,141.81066,-35.113
"260","low reliability","Timed bird census","rail_station",7481.112314,"watercourse_stream",0.001492709,"Y","N","Y","Y","Y",71.1999969482422,0.151800006628037,62,98,124,19,1.81359994411469,0.0252999998629093,0.398248046636581,13.1876583099365,289.095886230469,21.4995994567871,78.5003967285156,44.1995010375977,106,15.3276996612549,145.58355,-38.01157
"261","low reliability","Timed bird census","rail_station",6699.670291,"watercourse_river",0.000190004,"Y","N","Y","Y","Y",189.199996948242,0.0351999998092651,62,98,124,16,2.25999999046326,0.0131999999284744,0.441216707229614,14.3065423965454,277.079315185547,34.7081985473633,68.972297668457,65.1031036376953,6,14.2427997589111,145.61398,-37.98102
"262","low reliability","Timed bird census","place",3472.883572,"road",0.0059751,"Y","N","Y","Y","Y",224,-0.408800005912781,62,98,124,6,2.32870006561279,0.023700000718236,0.523633301258087,9.60854816436768,284.032409667969,34.0264015197754,74.2099990844727,72.5837020874023,6,14.1104001998901,145.58469,-37.8592
"263","high reliability","Trap (unspecified)","place",15111.23465,"road",0.010653407,"Y","N","Y","Y","N",79,-0.00329999998211861,56,46,42,18,1.65750002861023,0.00469999993219972,0.562823116779327,4.99727582931519,345.315887451172,-13.315899848938,68.0134963989258,-2.31590008735657,4,16.1194000244141,141.43333,-34.41667
"264","high reliability","Trap (unspecified)","place",15111.23465,"road",0.010653407,"Y","N","Y","Y","N",79,-0.00329999998211861,56,46,42,18,1.65750002861023,0.00469999993219972,0.562823116779327,4.99727582931519,345.315887451172,-13.315899848938,68.0134963989258,-2.31590008735657,4,16.1194000244141,141.43333,-34.41667
"265","high reliability","Birds Australia 2ha search","place",35139.80729,"road",0.268728795,"Y","Y","Y","Y","N",35.7999992370605,-0.00549999997019768,56,46,37,104,0,0.00529999984428287,0.987990975379944,10.8857049942017,344.300201416016,-11.3001003265381,69.3001022338867,-2.29399991035461,104,15.8837003707886,141.83027,-34.63806
"266","high reliability","Incidental","place",14898.86415,"road",0.001045924,"Y","N","Y","N","N",69.1999969482422,0.00170000002253801,56,46,42,18,1.56239998340607,0.00889999978244305,0.666808784008026,5.22396612167358,344.536193847656,-12.335599899292,67.3356018066406,-2.33559989929199,4,16.3593006134033,141.397045,-34.399034
